id,clip,stimulus,trustworthy,wealthy,kind,intelligent,honest,educated,humorous,confident,accent,status,solidarity
103,beijing_clip1,NA,3,3,3,3,3,3,3,4,beijing,3,3.25
103,beijing_clip2,NA,3,3,3,3,3,3,3,3,beijing,3,3
103,beijing_clip3,NA,3,3,3,3,3,4,3,4,beijing,3,3.5
103,beijing_clip4,NA,4,3,3,4,3,3,3,5,beijing,3.25,3.75
103,beijing_clip5,NA,3,4,3,4,3,4,3,4,beijing,3,4
105,beijing_clip1,NA,4,4,4,4,4,4,4,4,beijing,4,4
105,beijing_clip2,NA,4,3,3,4,4,4,3,4,beijing,3.5,3.75
105,beijing_clip3,NA,4,3,4,4,4,4,4,4,beijing,4,3.75
105,beijing_clip4,NA,3,3,4,4,3,4,3,4,beijing,3.25,3.75
105,beijing_clip5,NA,3,3,4,4,4,4,3,4,beijing,3.5,3.75
117,beijing_clip1,NA,5,6,4,4,5,5,4,6,beijing,4.5,5.25
117,beijing_clip2,NA,2,2,2,4,2,4,4,4,beijing,2.5,3.5
117,beijing_clip3,NA,5,4,5,5,5,6,1,6,beijing,4,5.25
117,beijing_clip4,NA,6,6,5,5,5,5,1,5,beijing,4.25,5.25
117,beijing_clip5,NA,4,4,4,4,2,4,2,4,beijing,3,4
130,beijing_clip1,NA,4,4,4,4,4,4,4,5,beijing,4,4.25
130,beijing_clip2,NA,4,3,4,4,4,4,3,4,beijing,3.75,3.75
130,beijing_clip3,NA,3,3,3,3,3,3,3,3,beijing,3,3
130,beijing_clip4,NA,4,4,4,4,4,4,4,4,beijing,4,4
130,beijing_clip5,NA,4,3,4,4,4,4,3,5,beijing,3.75,4
147,beijing_clip1,NA,4,4,1,4,3,3,2,3,beijing,2.5,3.5
147,beijing_clip2,NA,3,3,4,4,2,4,4,5,beijing,3.25,4
147,beijing_clip3,NA,4,4,4,3,4,4,2,5,beijing,3.5,4
147,beijing_clip4,NA,3,4,3,4,4,3,3,4,beijing,3.25,3.75
147,beijing_clip5,NA,5,4,4,3,3,3,3,4,beijing,3.75,3.5
153,beijing_clip1,NA,4,4,4,4,4,4,3,4,beijing,3.75,4
153,beijing_clip2,NA,5,5,5,5,5,5,3,5,beijing,4.5,5
153,beijing_clip3,NA,5,4,4,4,5,4,3,5,beijing,4.25,4.25
153,beijing_clip4,NA,5,4,4,4,4,4,3,4,beijing,4,4
153,beijing_clip5,NA,5,4,4,5,5,5,3,5,beijing,4.25,4.75
16,beijing_clip1,NA,4,3,3,4,3,4,3,5,beijing,3.25,4
16,beijing_clip2,NA,3,4,3,3,3,4,4,5,beijing,3.25,4
16,beijing_clip3,NA,3,3,3,3,3,3,4,5,beijing,3.25,3.5
16,beijing_clip4,NA,4,4,3,4,4,3,4,5,beijing,3.75,4
16,beijing_clip5,NA,4,3,3,4,4,3,4,5,beijing,3.75,3.75
160,beijing_clip1,NA,3,4,2,4,3,4,3,5,beijing,2.75,4.25
160,beijing_clip2,NA,3,3,3,3,3,3,3,3,beijing,3,3
160,beijing_clip3,NA,4,3,3,4,3,3,3,4,beijing,3.25,3.5
160,beijing_clip4,NA,3,3,3,3,3,3,3,3,beijing,3,3
160,beijing_clip5,NA,3,3,3,3,3,3,3,3,beijing,3,3
167,beijing_clip1,NA,3,2,3,3,2,1,3,3,beijing,2.75,2.25
167,beijing_clip2,NA,4,1,3,3,5,2,2,2,beijing,3.5,2
167,beijing_clip3,NA,3,2,3,2,3,3,3,3,beijing,3,2.5
167,beijing_clip4,NA,2,1,1,1,3,3,3,3,beijing,2.25,2
167,beijing_clip5,NA,4,2,2,4,4,3,3,5,beijing,3.25,3.5
17,beijing_clip1,NA,4,3,4,4,4,4,3,4,beijing,3.75,3.75
17,beijing_clip2,NA,3,3,3,3,4,4,3,4,beijing,3.25,3.5
17,beijing_clip3,NA,3,3,4,3,4,4,3,4,beijing,3.5,3.5
17,beijing_clip4,NA,3,3,3,3,4,4,3,4,beijing,3.25,3.5
17,beijing_clip5,NA,3,3,3,4,4,4,3,5,beijing,3.25,4
175,beijing_clip1,NA,4,5,2,4,5,3,2,5,beijing,3.25,4.25
175,beijing_clip2,NA,4,5,3,4,4,4,3,5,beijing,3.5,4.5
175,beijing_clip3,NA,4,4,3,4,2,4,2,5,beijing,2.75,4.25
175,beijing_clip4,NA,4,5,4,5,5,3,3,5,beijing,4,4.5
175,beijing_clip5,NA,5,5,4,5,5,3,3,5,beijing,4.25,4.5
178,beijing_clip1,NA,4,4,4,4,4,4,4,5,beijing,4,4.25
178,beijing_clip2,NA,5,3,4,5,5,4,4,5,beijing,4.5,4.25
178,beijing_clip3,NA,4,4,3,4,4,4,4,5,beijing,3.75,4.25
178,beijing_clip4,NA,4,4,4,5,4,4,3,5,beijing,3.75,4.5
178,beijing_clip5,NA,4,4,4,4,4,4,4,4,beijing,4,4
18,beijing_clip1,NA,3,3,3,3,3,3,3,3,beijing,3,3
18,beijing_clip2,NA,3,3,3,3,3,3,3,3,beijing,3,3
18,beijing_clip3,NA,3,3,3,3,3,3,3,3,beijing,3,3
18,beijing_clip4,NA,3,3,3,3,3,3,3,3,beijing,3,3
18,beijing_clip5,NA,3,3,3,3,3,3,3,3,beijing,3,3
184,beijing_clip1,NA,3,4,3,3,3,3,3,4,beijing,3,3.5
184,beijing_clip2,NA,4,3,3,3,3,4,3,4,beijing,3.25,3.5
184,beijing_clip3,NA,3,4,3,3,3,3,3,4,beijing,3,3.5
184,beijing_clip4,NA,3,3,3,3,3,3,3,4,beijing,3,3.25
184,beijing_clip5,NA,4,4,3,3,3,4,3,5,beijing,3.25,4
189,beijing_clip1,NA,4,3,4,4,4,4,3,4,beijing,3.75,3.75
189,beijing_clip2,NA,4,3,3,4,4,4,3,4,beijing,3.5,3.75
189,beijing_clip3,NA,4,3,4,3,4,4,3,3,beijing,3.75,3.25
189,beijing_clip4,NA,4,4,4,4,4,5,3,4,beijing,3.75,4.25
189,beijing_clip5,NA,3,3,3,4,4,4,2,2,beijing,3,3.25
191,beijing_clip1,NA,3,3,3,3,3,3,3,3,beijing,3,3
191,beijing_clip2,NA,3,3,3,3,3,3,3,3,beijing,3,3
191,beijing_clip3,NA,3,3,3,3,3,3,3,3,beijing,3,3
191,beijing_clip4,NA,3,3,3,3,3,3,3,3,beijing,3,3
191,beijing_clip5,NA,3,3,3,3,3,3,3,3,beijing,3,3
195,beijing_clip1,NA,3,4,3,3,3,3,3,3,beijing,3,3.25
195,beijing_clip2,NA,3,3,3,3,3,3,3,3,beijing,3,3
195,beijing_clip3,NA,3,3,3,3,3,3,3,3,beijing,3,3
195,beijing_clip4,NA,3,3,3,3,3,3,3,3,beijing,3,3
195,beijing_clip5,NA,3,3,3,3,3,3,3,3,beijing,3,3
202,beijing_clip1,NA,4,4,4,4,3,4,4,4,beijing,3.75,4
202,beijing_clip2,NA,5,4,4,4,4,5,5,5,beijing,4.5,4.5
202,beijing_clip3,NA,4,4,4,4,5,4,5,5,beijing,4.5,4.25
202,beijing_clip4,NA,5,5,5,5,5,5,5,5,beijing,5,5
202,beijing_clip5,NA,5,5,5,5,5,4,4,4,beijing,4.75,4.5
212,beijing_clip1,NA,0,6,6,5,0,5,1,1,beijing,1.75,4.25
212,beijing_clip2,NA,0,6,6,5,0,5,1,1,beijing,1.75,4.25
212,beijing_clip3,NA,1,1,0,0,1,0,2,2,beijing,1,0.75
212,beijing_clip4,NA,6,5,5,4,6,4,0,0,beijing,4.25,3.25
212,beijing_clip5,NA,1,6,5,3,0,4,4,2,beijing,2.5,3.75
217,beijing_clip1,NA,4,3,3,3,4,4,3,4,beijing,3.5,3.5
217,beijing_clip2,NA,5,3,3,3,5,3,3,4,beijing,4,3.25
217,beijing_clip3,NA,5,3,3,3,3,3,3,4,beijing,3.5,3.25
217,beijing_clip4,NA,4,3,3,3,3,3,4,4,beijing,3.5,3.25
217,beijing_clip5,NA,4,3,3,4,4,4,3,4,beijing,3.5,3.75
245,beijing_clip1,NA,3,3,3,3,3,3,3,3,beijing,3,3
245,beijing_clip2,NA,4,4,4,4,4,4,4,4,beijing,4,4
245,beijing_clip3,NA,3,3,3,3,3,3,3,3,beijing,3,3
245,beijing_clip4,NA,3,3,3,3,3,3,3,3,beijing,3,3
245,beijing_clip5,NA,3,4,3,3,3,3,4,3,beijing,3.25,3.25
249,beijing_clip1,NA,5,5,5,5,4,5,5,5,beijing,4.75,5
249,beijing_clip2,NA,5,5,5,6,5,6,4,5,beijing,4.75,5.5
249,beijing_clip3,NA,5,5,5,5,4,5,5,5,beijing,4.75,5
249,beijing_clip4,NA,5,5,5,5,5,5,5,6,beijing,5,5.25
249,beijing_clip5,NA,5,5,6,5,5,5,4,5,beijing,5,5
257,beijing_clip1,NA,3,3,3,3,3,3,3,3,beijing,3,3
257,beijing_clip2,NA,4,4,4,4,4,3,3,4,beijing,3.75,3.75
257,beijing_clip3,NA,4,4,4,4,4,4,4,4,beijing,4,4
257,beijing_clip4,NA,3,3,3,3,3,3,3,3,beijing,3,3
257,beijing_clip5,NA,4,4,4,4,4,4,4,4,beijing,4,4
264,beijing_clip1,NA,3,3,3,3,4,3,3,4,beijing,3.25,3.25
264,beijing_clip2,NA,3,3,3,3,3,3,3,3,beijing,3,3
264,beijing_clip3,NA,3,4,3,3,3,3,3,3,beijing,3,3.25
264,beijing_clip4,NA,3,3,3,4,3,5,3,3,beijing,3,3.75
264,beijing_clip5,NA,3,3,3,4,3,4,3,3,beijing,3,3.5
269,beijing_clip1,NA,4,3,4,4,4,4,3,5,beijing,3.75,4
269,beijing_clip2,NA,3,3,3,4,3,4,3,4,beijing,3,3.75
269,beijing_clip3,NA,4,3,3,4,3,3,3,4,beijing,3.25,3.5
269,beijing_clip4,NA,4,3,3,3,3,4,4,5,beijing,3.5,3.75
269,beijing_clip5,NA,3,3,3,4,3,4,3,4,beijing,3,3.75
274,beijing_clip1,NA,4,4,3,5,3,4,2,4,beijing,3,4.25
274,beijing_clip2,NA,3,2,5,4,4,3,2,3,beijing,3.5,3
274,beijing_clip3,NA,3,3,4,4,4,4,3,5,beijing,3.5,4
274,beijing_clip4,NA,3,3,4,3,4,3,4,4,beijing,3.75,3.25
274,beijing_clip5,NA,4,2,3,5,3,4,2,4,beijing,3,3.75
290,beijing_clip1,NA,3,4,3,4,4,4,3,5,beijing,3.25,4.25
290,beijing_clip2,NA,3,4,3,3,4,3,3,5,beijing,3.25,3.75
290,beijing_clip3,NA,3,5,3,4,4,4,3,5,beijing,3.25,4.5
290,beijing_clip4,NA,2,4,3,3,3,3,3,5,beijing,2.75,3.75
290,beijing_clip5,NA,3,4,3,4,3,4,3,5,beijing,3,4.25
292,beijing_clip1,NA,3,3,5,5,5,5,3,5,beijing,4,4.5
292,beijing_clip2,NA,3,5,4,5,5,5,3,5,beijing,3.75,5
292,beijing_clip3,NA,3,4,4,4,4,4,3,4,beijing,3.5,4
292,beijing_clip4,NA,3,4,5,4,4,4,3,4,beijing,3.75,4
292,beijing_clip5,NA,3,4,4,4,4,5,3,5,beijing,3.5,4.5
294,beijing_clip1,NA,3,3,3,3,3,3,3,3,beijing,3,3
294,beijing_clip2,NA,3,3,3,3,3,3,3,3,beijing,3,3
294,beijing_clip3,NA,3,3,3,3,3,3,3,3,beijing,3,3
294,beijing_clip4,NA,3,3,3,3,3,2,3,3,beijing,3,2.75
294,beijing_clip5,NA,3,3,3,3,3,3,3,3,beijing,3,3
295,beijing_clip1,NA,4,3,3,4,4,4,3,4,beijing,3.5,3.75
295,beijing_clip2,NA,3,3,3,3,3,3,3,2,beijing,3,2.75
295,beijing_clip3,NA,4,3,3,4,4,4,3,4,beijing,3.5,3.75
295,beijing_clip4,NA,4,3,3,4,3,4,3,4,beijing,3.25,3.75
295,beijing_clip5,NA,4,3,3,3,4,4,3,4,beijing,3.5,3.5
297,beijing_clip1,NA,3,3,3,3,3,3,3,4,beijing,3,3.25
297,beijing_clip2,NA,3,3,3,3,3,3,3,3,beijing,3,3
297,beijing_clip3,NA,3,3,3,3,3,3,3,3,beijing,3,3
297,beijing_clip4,NA,3,3,3,3,3,3,3,3,beijing,3,3
297,beijing_clip5,NA,3,3,3,3,3,3,3,3,beijing,3,3
311,beijing_clip1,NA,4,3,3,4,3,4,3,4,beijing,3.25,3.75
311,beijing_clip2,NA,4,4,3,4,3,4,3,4,beijing,3.25,4
311,beijing_clip3,NA,4,4,3,4,3,4,3,4,beijing,3.25,4
311,beijing_clip4,NA,4,4,3,4,3,4,4,4,beijing,3.5,4
311,beijing_clip5,NA,4,4,3,4,3,4,3,4,beijing,3.25,4
323,beijing_clip1,NA,3,3,3,3,3,3,3,3,beijing,3,3
323,beijing_clip2,NA,3,3,3,3,3,3,3,3,beijing,3,3
323,beijing_clip3,NA,3,3,3,3,3,3,3,6,beijing,3,3.75
323,beijing_clip4,NA,3,3,3,3,3,3,3,3,beijing,3,3
323,beijing_clip5,NA,3,3,3,3,3,3,3,3,beijing,3,3
330,beijing_clip1,NA,5,5,5,5,5,5,3,6,beijing,4.5,5.25
330,beijing_clip2,NA,5,5,5,5,5,5,3,5,beijing,4.5,5
330,beijing_clip3,NA,5,5,5,6,5,5,3,5,beijing,4.5,5.25
330,beijing_clip4,NA,5,5,5,5,5,5,3,5,beijing,4.5,5
330,beijing_clip5,NA,5,4,5,5,5,5,3,6,beijing,4.5,5
332,beijing_clip1,NA,3,5,1,4,4,4,1,6,beijing,2.25,4.75
332,beijing_clip2,NA,2,3,2,3,3,3,2,4,beijing,2.25,3.25
332,beijing_clip3,NA,2,3,3,2,2,3,3,2,beijing,2.5,2.5
332,beijing_clip4,NA,3,4,4,3,3,3,2,4,beijing,3,3.5
332,beijing_clip5,NA,2,5,2,4,4,4,2,6,beijing,2.5,4.75
339,beijing_clip1,NA,4,4,3,3,3,3,3,4,beijing,3.25,3.5
339,beijing_clip2,NA,4,4,3,4,3,4,3,4,beijing,3.25,4
339,beijing_clip3,NA,4,5,3,4,3,4,3,5,beijing,3.25,4.5
339,beijing_clip4,NA,4,4,3,4,3,4,3,5,beijing,3.25,4.25
339,beijing_clip5,NA,5,5,2,4,3,4,1,5,beijing,2.75,4.5
34,beijing_clip1,NA,5,5,5,5,5,5,5,5,beijing,5,5
34,beijing_clip2,NA,5,5,5,5,5,5,5,5,beijing,5,5
34,beijing_clip3,NA,5,5,5,5,5,5,5,5,beijing,5,5
34,beijing_clip4,NA,4,4,4,4,4,4,4,4,beijing,4,4
34,beijing_clip5,NA,5,5,5,5,5,5,5,5,beijing,5,5
347,beijing_clip1,NA,3,3,3,3,3,3,3,3,beijing,3,3
347,beijing_clip2,NA,3,3,3,3,3,3,3,3,beijing,3,3
347,beijing_clip3,NA,3,3,3,3,3,3,3,3,beijing,3,3
347,beijing_clip4,NA,3,3,3,3,3,3,3,3,beijing,3,3
347,beijing_clip5,NA,3,3,3,3,3,3,3,3,beijing,3,3
352,beijing_clip1,NA,3,3,5,3,3,3,3,5,beijing,3.5,3.5
352,beijing_clip2,NA,5,3,5,2,2,2,3,5,beijing,3.75,3
352,beijing_clip3,NA,5,3,3,4,4,4,4,5,beijing,4,4
352,beijing_clip4,NA,5,5,5,5,5,5,5,5,beijing,5,5
352,beijing_clip5,NA,3,3,2,4,3,4,2,5,beijing,2.5,4
358,beijing_clip1,NA,4,3,2,5,3,3,4,3,beijing,3.25,3.5
358,beijing_clip2,NA,3,5,5,5,5,5,5,5,beijing,4.5,5
358,beijing_clip3,NA,4,3,3,4,4,1,4,3,beijing,3.75,2.75
358,beijing_clip4,NA,2,3,2,5,3,4,4,3,beijing,2.75,3.75
358,beijing_clip5,NA,3,3,3,3,3,3,3,3,beijing,3,3
363,beijing_clip1,NA,5,4,4,4,4,4,1,5,beijing,3.5,4.25
363,beijing_clip2,NA,5,5,4,5,3,5,3,4,beijing,3.75,4.75
363,beijing_clip3,NA,4,2,2,4,2,4,1,5,beijing,2.25,3.75
363,beijing_clip4,NA,4,2,2,4,2,5,1,5,beijing,2.25,4
363,beijing_clip5,NA,4,4,3,4,3,5,2,5,beijing,3,4.5
44,beijing_clip1,NA,5,4,5,5,4,5,4,4,beijing,4.5,4.5
44,beijing_clip2,NA,4,5,4,5,5,3,5,4,beijing,4.5,4.25
44,beijing_clip3,NA,5,5,5,4,4,4,4,2,beijing,4.5,3.75
44,beijing_clip4,NA,5,5,5,4,4,4,3,4,beijing,4.25,4.25
44,beijing_clip5,NA,4,3,3,4,4,4,5,3,beijing,4,3.5
52,beijing_clip1,NA,4,4,4,4,4,3,3,4,beijing,3.75,3.75
52,beijing_clip2,NA,3,3,3,4,4,4,4,4,beijing,3.5,3.75
52,beijing_clip3,NA,3,3,3,4,4,3,4,4,beijing,3.5,3.5
52,beijing_clip4,NA,3,3,4,4,3,4,4,4,beijing,3.5,3.75
52,beijing_clip5,NA,3,3,3,4,3,5,2,4,beijing,2.75,4
69,beijing_clip1,NA,3,3,3,3,3,3,3,4,beijing,3,3.25
69,beijing_clip2,NA,3,3,3,3,3,3,3,4,beijing,3,3.25
69,beijing_clip3,NA,3,3,3,3,3,3,3,4,beijing,3,3.25
69,beijing_clip4,NA,3,3,3,3,3,4,3,4,beijing,3,3.5
69,beijing_clip5,NA,3,3,3,4,3,4,3,4,beijing,3,3.75
70,beijing_clip1,NA,3,3,4,3,3,3,3,2,beijing,3.25,2.75
70,beijing_clip2,NA,3,3,3,3,3,3,3,4,beijing,3,3.25
70,beijing_clip3,NA,4,3,3,3,4,3,3,5,beijing,3.5,3.5
70,beijing_clip4,NA,3,3,4,3,3,3,3,5,beijing,3.25,3.5
70,beijing_clip5,NA,3,3,3,3,3,3,3,5,beijing,3,3.5
83,beijing_clip1,NA,5,3,3,5,5,5,5,5,beijing,4.5,4.5
83,beijing_clip2,NA,5,3,3,5,5,5,5,5,beijing,4.5,4.5
83,beijing_clip3,NA,4,3,4,4,4,4,4,4,beijing,4,3.75
83,beijing_clip4,NA,5,3,4,5,5,5,4,5,beijing,4.5,4.5
83,beijing_clip5,NA,4,3,4,4,4,4,4,4,beijing,4,3.75
91,beijing_clip1,NA,3,3,3,4,4,4,3,4,beijing,3.25,3.75
91,beijing_clip2,NA,5,3,3,4,3,5,3,5,beijing,3.5,4.25
91,beijing_clip3,NA,3,3,3,3,3,3,3,3,beijing,3,3
91,beijing_clip4,NA,3,3,3,3,3,5,3,4,beijing,3,3.75
91,beijing_clip5,NA,3,3,3,3,3,3,3,3,beijing,3,3
103,standard_clip1,NA,3,3,3,4,3,5,3,4,standard,3,4
103,standard_clip2,NA,3,3,3,3,3,3,3,4,standard,3,3.25
103,standard_clip3,NA,3,3,3,3,3,3,3,3,standard,3,3
103,standard_clip5,NA,3,3,3,3,3,4,3,5,standard,3,3.75
105,standard_clip1,NA,4,3,4,4,4,4,4,4,standard,4,3.75
105,standard_clip2,NA,4,3,4,4,3,4,4,4,standard,3.75,3.75
105,standard_clip3,NA,5,3,4,5,4,5,3,5,standard,4,4.5
105,standard_clip5,NA,4,3,4,4,3,4,2,4,standard,3.25,3.75
117,standard_clip1,NA,2,1,2,2,2,1,4,1,standard,2.5,1.25
117,standard_clip2,NA,4,4,4,5,4,5,4,4,standard,4,4.5
117,standard_clip3,NA,6,4,5,5,5,5,2,5,standard,4.5,4.75
117,standard_clip5,NA,2,2,5,4,5,2,4,4,standard,4,3
130,standard_clip1,NA,4,3,4,4,4,4,3,4,standard,3.75,3.75
130,standard_clip2,NA,4,4,4,4,4,4,4,4,standard,4,4
130,standard_clip3,NA,3,2,3,3,3,3,3,3,standard,3,2.75
130,standard_clip5,NA,4,3,4,4,4,5,4,5,standard,4,4.25
147,standard_clip1,NA,5,4,4,3,4,4,3,4,standard,4,3.75
147,standard_clip2,NA,5,4,2,4,4,4,3,5,standard,3.5,4.25
147,standard_clip3,NA,5,3,5,5,4,3,4,4,standard,4.5,3.75
147,standard_clip5,NA,4,4,4,2,4,3,3,3,standard,3.75,3
153,standard_clip1,NA,5,4,4,5,5,4,3,5,standard,4.25,4.5
153,standard_clip2,NA,5,5,4,5,5,5,3,5,standard,4.25,5
153,standard_clip3,NA,5,4,5,4,5,5,3,5,standard,4.5,4.5
153,standard_clip5,NA,4,4,4,5,4,5,3,4,standard,3.75,4.5
16,standard_clip1,NA,4,5,5,5,4,4,3,5,standard,4,4.75
16,standard_clip2,NA,4,3,3,4,3,3,3,3,standard,3.25,3.25
16,standard_clip3,NA,4,3,3,3,4,3,4,5,standard,3.75,3.5
16,standard_clip5,NA,4,3,3,5,4,4,4,5,standard,3.75,4.25
160,standard_clip1,NA,3,3,3,3,3,3,3,3,standard,3,3
160,standard_clip2,NA,3,3,3,3,3,3,3,3,standard,3,3
160,standard_clip3,NA,3,3,3,3,3,3,3,3,standard,3,3
160,standard_clip5,NA,3,3,3,3,3,3,3,3,standard,3,3
167,standard_clip1,NA,2,2,3,3,2,2,2,4,standard,2.25,2.75
167,standard_clip2,NA,5,3,2,4,4,4,3,5,standard,3.5,4
167,standard_clip3,NA,2,2,2,2,2,3,3,3,standard,2.25,2.5
167,standard_clip5,NA,4,3,4,3,4,4,3,5,standard,3.75,3.75
17,standard_clip1,NA,3,3,3,4,4,4,3,4,standard,3.25,3.75
17,standard_clip2,NA,4,3,4,4,4,4,3,5,standard,3.75,4
17,standard_clip3,NA,3,3,4,3,4,4,3,4,standard,3.5,3.5
17,standard_clip5,NA,3,3,4,4,4,4,4,4,standard,3.75,3.75
175,standard_clip1,NA,4,5,4,5,5,4,2,5,standard,3.75,4.75
175,standard_clip2,NA,5,5,5,5,5,4,3,5,standard,4.5,4.75
175,standard_clip3,NA,4,5,4,3,4,4,4,5,standard,4,4.25
175,standard_clip5,NA,4,5,4,4,5,3,3,5,standard,4,4.25
178,standard_clip1,NA,4,4,4,4,4,4,3,6,standard,3.75,4.5
178,standard_clip2,NA,4,3,3,4,4,3,3,5,standard,3.5,3.75
178,standard_clip3,NA,4,4,3,5,4,4,3,6,standard,3.5,4.75
178,standard_clip5,NA,4,4,3,4,4,4,3,5,standard,3.5,4.25
18,standard_clip1,NA,3,3,3,3,3,3,3,3,standard,3,3
18,standard_clip2,NA,3,3,3,3,3,3,3,3,standard,3,3
18,standard_clip3,NA,3,3,3,3,3,3,3,3,standard,3,3
18,standard_clip5,NA,3,3,3,3,3,3,3,3,standard,3,3
184,standard_clip1,NA,3,4,3,3,3,3,3,3,standard,3,3.25
184,standard_clip2,NA,3,3,3,3,3,3,3,4,standard,3,3.25
184,standard_clip3,NA,3,3,3,3,3,3,3,3,standard,3,3
184,standard_clip5,NA,3,3,3,3,3,4,3,4,standard,3,3.5
189,standard_clip1,NA,4,3,4,4,4,4,3,4,standard,3.75,3.75
189,standard_clip2,NA,4,3,4,5,4,5,3,5,standard,3.75,4.5
189,standard_clip3,NA,4,4,3,4,4,4,2,4,standard,3.25,4
189,standard_clip5,NA,3,4,4,4,4,5,3,5,standard,3.5,4.5
191,standard_clip1,NA,3,3,3,3,3,3,3,3,standard,3,3
191,standard_clip2,NA,3,3,3,3,3,3,3,3,standard,3,3
191,standard_clip3,NA,4,3,3,3,3,3,3,3,standard,3.25,3
191,standard_clip5,NA,5,4,5,3,3,5,3,3,standard,4,3.75
195,standard_clip1,NA,3,3,3,3,3,3,3,3,standard,3,3
195,standard_clip2,NA,3,3,3,3,3,3,3,3,standard,3,3
195,standard_clip3,NA,3,3,3,3,3,3,3,3,standard,3,3
195,standard_clip5,NA,3,3,3,3,3,3,3,3,standard,3,3
202,standard_clip1,NA,5,5,5,5,5,5,5,5,standard,5,5
202,standard_clip2,NA,4,4,4,4,4,4,4,4,standard,4,4
202,standard_clip3,NA,4,4,4,4,5,5,5,5,standard,4.5,4.5
202,standard_clip5,NA,5,5,5,5,5,5,5,4,standard,5,4.75
212,standard_clip1,NA,4,3,3,2,4,2,5,5,standard,4,3
212,standard_clip2,NA,5,6,6,0,5,0,4,4,standard,5,2.5
212,standard_clip3,NA,5,6,6,0,5,0,4,4,standard,5,2.5
212,standard_clip5,NA,5,4,4,3,5,3,6,6,standard,5,4
217,standard_clip1,NA,4,3,4,4,4,4,3,4,standard,3.75,3.75
217,standard_clip2,NA,4,3,4,3,4,4,3,4,standard,3.75,3.5
217,standard_clip3,NA,5,3,5,3,5,3,3,5,standard,4.5,3.5
217,standard_clip5,NA,3,3,3,3,3,3,3,4,standard,3,3.25
245,standard_clip1,NA,3,3,3,3,3,3,3,3,standard,3,3
245,standard_clip2,NA,3,3,3,3,3,3,3,3,standard,3,3
245,standard_clip3,NA,3,3,3,3,3,3,3,3,standard,3,3
245,standard_clip5,NA,3,3,3,3,3,3,3,3,standard,3,3
249,standard_clip1,NA,5,5,5,6,5,5,5,5,standard,5,5.25
249,standard_clip2,NA,5,5,4,6,5,6,5,6,standard,4.75,5.75
249,standard_clip3,NA,5,4,4,5,5,5,4,5,standard,4.5,4.75
249,standard_clip5,NA,5,5,6,5,6,5,5,6,standard,5.5,5.25
257,standard_clip1,NA,4,4,4,4,4,4,4,4,standard,4,4
257,standard_clip2,NA,3,3,3,3,3,3,3,3,standard,3,3
257,standard_clip3,NA,3,3,3,3,3,3,3,3,standard,3,3
257,standard_clip5,NA,4,4,4,4,4,4,4,4,standard,4,4
264,standard_clip1,NA,4,3,3,3,3,4,3,3,standard,3.25,3.25
264,standard_clip2,NA,3,3,3,5,3,5,3,5,standard,3,4.5
264,standard_clip3,NA,3,3,3,3,3,3,5,3,standard,3.5,3
264,standard_clip5,NA,3,3,4,4,3,4,3,3,standard,3.25,3.5
269,standard_clip1,NA,4,3,3,4,3,5,3,5,standard,3.25,4.25
269,standard_clip2,NA,4,3,3,4,3,5,3,5,standard,3.25,4.25
269,standard_clip3,NA,4,3,4,4,4,4,3,4,standard,3.75,3.75
269,standard_clip5,NA,3,4,3,4,3,4,3,5,standard,3,4.25
274,standard_clip1,NA,3,3,4,4,3,4,3,5,standard,3.25,4
274,standard_clip2,NA,4,2,5,4,4,4,3,4,standard,4,3.5
274,standard_clip3,NA,4,2,4,4,4,5,3,5,standard,3.75,4
274,standard_clip5,NA,4,3,4,4,4,5,3,4,standard,3.75,4
290,standard_clip1,NA,4,4,3,4,3,4,3,3,standard,3.25,3.75
290,standard_clip2,NA,3,4,3,4,3,4,3,5,standard,3,4.25
290,standard_clip3,NA,3,4,3,4,3,4,3,4,standard,3,4
290,standard_clip5,NA,4,4,3,5,3,5,3,5,standard,3.25,4.75
292,standard_clip1,NA,3,5,5,5,5,5,3,5,standard,4,5
292,standard_clip2,NA,3,5,5,5,5,5,3,5,standard,4,5
292,standard_clip3,NA,3,5,4,5,5,5,3,5,standard,3.75,5
292,standard_clip5,NA,3,5,5,5,5,5,3,5,standard,4,5
294,standard_clip1,NA,3,3,3,4,3,3,3,4,standard,3,3.5
294,standard_clip2,NA,3,3,3,3,3,3,3,3,standard,3,3
294,standard_clip3,NA,3,3,3,4,3,4,3,4,standard,3,3.75
294,standard_clip5,NA,3,3,3,3,3,3,3,4,standard,3,3.25
295,standard_clip1,NA,4,3,3,3,4,4,3,4,standard,3.5,3.5
295,standard_clip2,NA,4,4,4,4,4,4,4,4,standard,4,4
295,standard_clip3,NA,4,3,3,4,4,4,3,4,standard,3.5,3.75
295,standard_clip5,NA,4,4,3,4,3,4,4,4,standard,3.5,4
297,standard_clip1,NA,3,3,3,3,3,3,3,4,standard,3,3.25
297,standard_clip2,NA,3,3,3,3,3,3,3,3,standard,3,3
297,standard_clip3,NA,3,3,3,3,3,3,3,4,standard,3,3.25
297,standard_clip5,NA,3,3,3,3,3,3,3,3,standard,3,3
311,standard_clip1,NA,4,4,3,4,3,4,3,4,standard,3.25,4
311,standard_clip2,NA,4,4,4,4,3,4,3,4,standard,3.5,4
311,standard_clip3,NA,4,4,4,3,4,4,3,4,standard,3.75,3.75
311,standard_clip5,NA,4,4,4,4,3,4,3,4,standard,3.5,4
323,standard_clip1,NA,6,4,3,5,6,5,3,6,standard,4.5,5
323,standard_clip2,NA,3,3,3,3,3,3,3,3,standard,3,3
323,standard_clip3,NA,3,3,3,3,3,3,3,3,standard,3,3
323,standard_clip5,NA,3,3,3,3,3,4,3,3,standard,3,3.25
330,standard_clip1,NA,5,5,5,5,5,5,3,5,standard,4.5,5
330,standard_clip2,NA,5,5,5,6,5,5,3,6,standard,4.5,5.5
330,standard_clip3,NA,5,5,5,6,5,5,3,6,standard,4.5,5.5
330,standard_clip5,NA,5,5,5,6,5,6,3,6,standard,4.5,5.75
332,standard_clip1,NA,4,5,3,4,4,4,4,6,standard,3.75,4.75
332,standard_clip2,NA,5,5,5,5,5,5,4,5,standard,4.75,5
332,standard_clip3,NA,3,5,4,3,4,3,3,5,standard,3.5,4
332,standard_clip5,NA,4,5,4,5,4,5,3,6,standard,3.75,5.25
339,standard_clip1,NA,4,4,3,4,3,4,3,4,standard,3.25,4
339,standard_clip2,NA,4,3,3,4,3,4,3,5,standard,3.25,4
339,standard_clip3,NA,4,4,4,4,3,4,3,5,standard,3.5,4.25
339,standard_clip5,NA,4,4,4,4,3,4,4,4,standard,3.75,4
34,standard_clip1,NA,4,4,4,4,4,4,4,5,standard,4,4.25
34,standard_clip2,NA,4,4,4,4,4,4,4,4,standard,4,4
34,standard_clip3,NA,5,5,5,5,5,5,5,5,standard,5,5
34,standard_clip5,NA,4,4,4,4,4,4,4,4,standard,4,4
347,standard_clip1,NA,3,3,3,3,3,3,3,3,standard,3,3
347,standard_clip2,NA,3,3,3,3,3,3,3,3,standard,3,3
347,standard_clip3,NA,3,3,3,3,3,3,3,3,standard,3,3
347,standard_clip5,NA,3,3,3,3,3,3,3,3,standard,3,3
352,standard_clip1,NA,4,3,5,2,2,4,2,4,standard,3.25,3.25
352,standard_clip2,NA,5,5,5,5,5,3,5,5,standard,5,4.5
352,standard_clip3,NA,5,3,5,3,4,3,3,5,standard,4.25,3.5
352,standard_clip5,NA,5,3,5,3,3,3,3,5,standard,4,3.5
358,standard_clip1,NA,4,4,4,4,4,4,4,4,standard,4,4
358,standard_clip2,NA,2,4,4,4,4,4,4,4,standard,3.5,4
358,standard_clip3,NA,2,4,4,4,4,4,5,4,standard,3.75,4
358,standard_clip5,NA,4,4,4,4,4,4,4,4,standard,4,4
363,standard_clip1,NA,1,1,3,1,2,1,1,4,standard,1.75,1.75
363,standard_clip2,NA,4,4,4,4,3,5,2,5,standard,3.25,4.5
363,standard_clip3,NA,4,2,2,5,2,5,0,6,standard,2,4.5
363,standard_clip5,NA,1,1,1,1,1,2,1,3,standard,1,1.75
44,standard_clip1,NA,5,3,4,5,5,4,4,4,standard,4.5,4
44,standard_clip2,NA,3,3,5,4,5,4,4,4,standard,4.25,3.75
44,standard_clip3,NA,3,5,4,5,5,4,4,4,standard,4,4.5
44,standard_clip5,NA,4,5,4,4,3,3,2,5,standard,3.25,4.25
52,standard_clip1,NA,4,3,5,4,3,4,4,5,standard,4,4
52,standard_clip2,NA,3,3,3,3,3,3,4,4,standard,3.25,3.25
52,standard_clip3,NA,4,3,3,3,4,3,4,4,standard,3.75,3.25
52,standard_clip5,NA,4,4,4,4,4,4,3,5,standard,3.75,4.25
69,standard_clip1,NA,3,3,3,3,3,3,3,4,standard,3,3.25
69,standard_clip2,NA,3,3,3,3,3,3,3,4,standard,3,3.25
69,standard_clip3,NA,3,3,3,3,3,3,3,4,standard,3,3.25
69,standard_clip5,NA,3,3,3,4,3,5,3,5,standard,3,4.25
70,standard_clip1,NA,3,3,3,3,3,4,3,5,standard,3,3.75
70,standard_clip2,NA,3,3,4,3,3,3,3,5,standard,3.25,3.5
70,standard_clip3,NA,3,3,4,3,4,3,3,5,standard,3.5,3.5
70,standard_clip5,NA,3,3,4,3,4,3,3,4,standard,3.5,3.25
83,standard_clip1,NA,5,3,3,4,3,4,3,5,standard,3.5,4
83,standard_clip2,NA,4,3,3,4,4,4,4,4,standard,3.75,3.75
83,standard_clip3,NA,5,3,4,5,5,4,5,5,standard,4.75,4.25
83,standard_clip5,NA,5,4,3,5,3,5,4,6,standard,3.75,5
91,standard_clip1,NA,3,4,3,3,3,3,3,3,standard,3,3.25
91,standard_clip2,NA,4,3,3,4,3,4,3,5,standard,3.25,4
91,standard_clip3,NA,4,4,4,4,4,3,3,4,standard,3.75,3.75
91,standard_clip5,NA,3,4,3,4,4,4,3,4,standard,3.25,4
103,taiwan_clip1,NA,3,3,3,3,3,3,3,2,taiwan,3,2.75
103,taiwan_clip2,NA,3,3,3,3,3,3,3,3,taiwan,3,3
103,taiwan_clip3,NA,3,3,3,3,3,3,3,2,taiwan,3,2.75
103,taiwan_clip5,NA,3,3,3,3,3,3,3,3,taiwan,3,3
105,taiwan_clip1,NA,4,3,4,4,3,4,3,4,taiwan,3.5,3.75
105,taiwan_clip2,NA,2,3,4,3,2,3,2,2,taiwan,2.5,2.75
105,taiwan_clip3,NA,4,3,4,4,4,4,4,4,taiwan,4,3.75
105,taiwan_clip5,NA,4,3,4,4,4,4,4,4,taiwan,4,3.75
117,taiwan_clip1,NA,2,2,2,4,1,2,1,2,taiwan,1.5,2.5
117,taiwan_clip2,NA,2,2,1,1,5,2,2,4,taiwan,2.5,2.25
117,taiwan_clip3,NA,4,3,4,2,2,5,2,2,taiwan,3,3
117,taiwan_clip5,NA,4,2,2,5,2,4,2,2,taiwan,2.5,3.25
130,taiwan_clip1,NA,3,3,4,3,3,3,3,2,taiwan,3.25,2.75
130,taiwan_clip2,NA,4,3,4,4,4,3,3,3,taiwan,3.75,3.25
130,taiwan_clip3,NA,3,3,3,3,3,3,3,2,taiwan,3,2.75
130,taiwan_clip5,NA,4,2,3,3,3,2,3,3,taiwan,3.25,2.5
147,taiwan_clip1,NA,4,2,4,4,2,3,2,4,taiwan,3,3.25
147,taiwan_clip2,NA,4,4,5,4,4,4,3,3,taiwan,4,3.75
147,taiwan_clip3,NA,5,4,3,4,3,3,2,3,taiwan,3.25,3.5
147,taiwan_clip5,NA,4,4,3,4,4,4,4,3,taiwan,3.75,3.75
153,taiwan_clip1,NA,4,4,4,5,4,4,3,5,taiwan,3.75,4.5
153,taiwan_clip2,NA,4,4,4,4,4,5,3,5,taiwan,3.75,4.5
153,taiwan_clip3,NA,5,5,4,5,5,5,3,5,taiwan,4.25,5
153,taiwan_clip5,NA,5,4,5,5,5,5,3,5,taiwan,4.5,4.75
16,taiwan_clip1,NA,3,3,4,3,3,3,4,3,taiwan,3.5,3
16,taiwan_clip2,NA,4,4,4,4,4,5,3,3,taiwan,3.75,4
16,taiwan_clip3,NA,4,4,4,4,4,4,3,5,taiwan,3.75,4.25
16,taiwan_clip5,NA,4,3,3,4,4,4,2,3,taiwan,3.25,3.5
160,taiwan_clip1,NA,3,3,3,3,3,3,3,3,taiwan,3,3
160,taiwan_clip2,NA,3,3,3,4,3,4,3,4,taiwan,3,3.75
160,taiwan_clip3,NA,3,3,3,3,3,3,3,3,taiwan,3,3
160,taiwan_clip5,NA,3,3,3,3,3,3,3,3,taiwan,3,3
167,taiwan_clip1,NA,2,2,3,2,3,2,3,3,taiwan,2.75,2.25
167,taiwan_clip2,NA,4,2,2,2,4,2,3,4,taiwan,3.25,2.5
167,taiwan_clip3,NA,2,2,2,3,4,3,3,2,taiwan,2.75,2.5
167,taiwan_clip5,NA,4,2,3,3,3,2,2,2,taiwan,3,2.25
17,taiwan_clip1,NA,3,3,3,3,3,3,2,2,taiwan,2.75,2.75
17,taiwan_clip2,NA,3,3,3,3,4,4,2,4,taiwan,3,3.5
17,taiwan_clip3,NA,3,3,3,3,3,3,1,3,taiwan,2.5,3
17,taiwan_clip5,NA,3,3,3,3,3,3,1,2,taiwan,2.5,2.75
175,taiwan_clip1,NA,3,2,2,4,4,3,2,4,taiwan,2.75,3.25
175,taiwan_clip2,NA,3,3,3,3,4,3,2,4,taiwan,3,3.25
175,taiwan_clip3,NA,4,2,2,3,2,3,1,4,taiwan,2.25,3
175,taiwan_clip5,NA,3,4,2,3,2,2,2,4,taiwan,2.25,3.25
178,taiwan_clip1,NA,3,3,3,3,3,3,3,3,taiwan,3,3
178,taiwan_clip2,NA,3,3,3,3,3,4,2,3,taiwan,2.75,3.25
178,taiwan_clip3,NA,3,3,3,3,3,3,2,3,taiwan,2.75,3
178,taiwan_clip5,NA,2,3,3,3,2,3,2,2,taiwan,2.25,2.75
18,taiwan_clip1,NA,3,3,3,3,3,3,3,3,taiwan,3,3
18,taiwan_clip2,NA,3,3,3,3,3,3,3,3,taiwan,3,3
18,taiwan_clip3,NA,3,3,3,3,3,3,3,3,taiwan,3,3
18,taiwan_clip5,NA,3,3,3,3,3,3,3,3,taiwan,3,3
184,taiwan_clip1,NA,3,3,3,3,3,3,3,3,taiwan,3,3
184,taiwan_clip2,NA,2,3,3,3,3,3,3,3,taiwan,2.75,3
184,taiwan_clip3,NA,3,3,3,3,3,3,3,2,taiwan,3,2.75
184,taiwan_clip5,NA,3,3,3,3,3,3,3,3,taiwan,3,3
189,taiwan_clip1,NA,4,3,3,4,4,4,2,3,taiwan,3.25,3.5
189,taiwan_clip2,NA,4,3,3,3,4,4,1,3,taiwan,3,3.25
189,taiwan_clip3,NA,3,3,3,3,4,4,1,3,taiwan,2.75,3.25
189,taiwan_clip5,NA,4,3,3,3,4,4,2,3,taiwan,3.25,3.25
191,taiwan_clip1,NA,3,3,3,3,3,3,3,3,taiwan,3,3
191,taiwan_clip2,NA,3,3,3,3,3,3,3,3,taiwan,3,3
191,taiwan_clip3,NA,3,3,3,3,3,3,3,3,taiwan,3,3
191,taiwan_clip5,NA,3,3,3,3,3,3,3,3,taiwan,3,3
195,taiwan_clip1,NA,3,3,3,3,3,3,3,3,taiwan,3,3
195,taiwan_clip2,NA,3,3,3,3,3,3,3,3,taiwan,3,3
195,taiwan_clip3,NA,3,3,3,3,3,3,3,3,taiwan,3,3
195,taiwan_clip5,NA,3,3,3,3,3,3,3,3,taiwan,3,3
202,taiwan_clip1,NA,4,4,4,4,4,4,4,4,taiwan,4,4
202,taiwan_clip2,NA,3,4,3,4,4,3,4,4,taiwan,3.5,3.75
202,taiwan_clip3,NA,4,3,3,3,4,3,2,4,taiwan,3.25,3.25
202,taiwan_clip5,NA,3,3,4,3,3,3,4,4,taiwan,3.5,3.25
212,taiwan_clip1,NA,3,1,0,5,2,6,6,4,taiwan,2.75,4
212,taiwan_clip2,NA,3,3,2,2,3,2,4,4,taiwan,3,2.75
212,taiwan_clip3,NA,5,5,6,6,5,6,4,4,taiwan,5,5.25
212,taiwan_clip5,NA,3,2,2,1,3,1,4,4,taiwan,3,2
217,taiwan_clip1,NA,2,3,3,3,3,3,3,2,taiwan,2.75,2.75
217,taiwan_clip2,NA,3,3,3,3,4,3,3,3,taiwan,3.25,3
217,taiwan_clip3,NA,3,3,3,3,3,3,2,3,taiwan,2.75,3
217,taiwan_clip5,NA,3,3,3,3,4,3,2,2,taiwan,3,2.75
245,taiwan_clip1,NA,3,3,3,3,3,3,3,3,taiwan,3,3
245,taiwan_clip2,NA,3,3,3,3,3,3,3,3,taiwan,3,3
245,taiwan_clip3,NA,3,3,3,3,3,3,3,3,taiwan,3,3
245,taiwan_clip5,NA,3,3,3,3,3,3,3,3,taiwan,3,3
249,taiwan_clip1,NA,5,6,5,5,4,5,4,5,taiwan,4.5,5.25
249,taiwan_clip2,NA,5,5,5,5,5,5,5,6,taiwan,5,5.25
249,taiwan_clip3,NA,5,5,5,5,5,5,6,5,taiwan,5.25,5
249,taiwan_clip5,NA,5,5,5,5,5,5,5,5,taiwan,5,5
257,taiwan_clip1,NA,3,3,3,3,3,3,3,3,taiwan,3,3
257,taiwan_clip2,NA,3,3,3,3,3,3,3,3,taiwan,3,3
257,taiwan_clip3,NA,3,3,3,3,3,3,3,3,taiwan,3,3
257,taiwan_clip5,NA,3,3,3,3,3,3,3,3,taiwan,3,3
264,taiwan_clip1,NA,3,3,3,3,4,3,3,3,taiwan,3.25,3
264,taiwan_clip2,NA,4,3,3,3,3,3,3,3,taiwan,3.25,3
264,taiwan_clip3,NA,3,3,3,3,3,3,3,3,taiwan,3,3
264,taiwan_clip5,NA,3,3,3,4,3,4,3,3,taiwan,3,3.5
269,taiwan_clip1,NA,3,3,3,3,3,3,2,2,taiwan,2.75,2.75
269,taiwan_clip2,NA,4,3,3,4,3,4,3,5,taiwan,3.25,4
269,taiwan_clip3,NA,4,3,3,3,3,3,4,3,taiwan,3.5,3
269,taiwan_clip5,NA,3,3,3,4,3,4,3,4,taiwan,3,3.75
274,taiwan_clip1,NA,4,2,4,3,4,4,3,4,taiwan,3.75,3.25
274,taiwan_clip2,NA,4,3,5,4,4,5,4,5,taiwan,4.25,4.25
274,taiwan_clip3,NA,4,2,4,4,4,4,2,3,taiwan,3.5,3.25
274,taiwan_clip5,NA,4,3,5,4,4,4,3,5,taiwan,4,4
290,taiwan_clip1,NA,4,3,3,3,4,3,3,4,taiwan,3.5,3.25
290,taiwan_clip2,NA,3,4,3,3,4,3,3,5,taiwan,3.25,3.75
290,taiwan_clip3,NA,3,3,3,3,4,3,3,4,taiwan,3.25,3.25
290,taiwan_clip5,NA,4,3,4,5,3,5,3,5,taiwan,3.5,4.5
292,taiwan_clip1,NA,3,4,3,3,4,4,3,4,taiwan,3.25,3.75
292,taiwan_clip2,NA,3,5,3,5,5,5,3,5,taiwan,3.5,5
292,taiwan_clip3,NA,3,5,5,5,5,5,3,5,taiwan,4,5
292,taiwan_clip5,NA,3,5,5,5,5,5,3,5,taiwan,4,5
294,taiwan_clip1,NA,3,3,3,4,3,3,3,3,taiwan,3,3.25
294,taiwan_clip2,NA,3,3,3,3,3,3,3,3,taiwan,3,3
294,taiwan_clip3,NA,3,3,3,3,3,3,3,3,taiwan,3,3
294,taiwan_clip5,NA,3,3,3,2,3,3,1,3,taiwan,2.5,2.75
295,taiwan_clip1,NA,4,3,3,3,4,3,3,3,taiwan,3.5,3
295,taiwan_clip2,NA,4,3,3,4,4,4,3,3,taiwan,3.5,3.5
295,taiwan_clip3,NA,4,3,3,4,4,4,3,4,taiwan,3.5,3.75
295,taiwan_clip5,NA,3,3,3,4,3,4,3,4,taiwan,3,3.75
297,taiwan_clip1,NA,3,3,3,3,3,3,3,3,taiwan,3,3
297,taiwan_clip2,NA,3,3,3,3,3,3,3,3,taiwan,3,3
297,taiwan_clip3,NA,4,3,3,3,3,3,4,3,taiwan,3.5,3
297,taiwan_clip5,NA,3,3,3,3,3,3,3,3,taiwan,3,3
311,taiwan_clip1,NA,4,3,3,4,3,4,3,3,taiwan,3.25,3.5
311,taiwan_clip2,NA,3,3,3,4,3,4,3,4,taiwan,3,3.75
311,taiwan_clip3,NA,3,3,3,3,3,3,3,4,taiwan,3,3.25
311,taiwan_clip5,NA,4,3,4,3,4,4,4,4,taiwan,4,3.5
323,taiwan_clip1,NA,6,3,3,3,3,3,3,2,taiwan,3.75,2.75
323,taiwan_clip2,NA,3,3,3,3,3,3,3,3,taiwan,3,3
323,taiwan_clip3,NA,3,3,6,3,3,3,3,5,taiwan,3.75,3.5
323,taiwan_clip5,NA,3,3,4,3,3,3,3,3,taiwan,3.25,3
330,taiwan_clip1,NA,5,4,5,5,4,5,3,5,taiwan,4.25,4.75
330,taiwan_clip2,NA,5,5,5,5,5,5,3,5,taiwan,4.5,5
330,taiwan_clip3,NA,5,5,5,5,5,5,3,5,taiwan,4.5,5
330,taiwan_clip5,NA,5,3,5,6,5,5,3,5,taiwan,4.5,4.75
332,taiwan_clip1,NA,2,4,1,4,3,4,1,5,taiwan,1.75,4.25
332,taiwan_clip2,NA,4,5,0,4,4,4,0,6,taiwan,2,4.75
332,taiwan_clip3,NA,2,4,2,2,3,3,1,4,taiwan,2,3.25
332,taiwan_clip5,NA,2,3,2,3,4,3,1,4,taiwan,2.25,3.25
339,taiwan_clip1,NA,2,3,3,3,3,4,2,3,taiwan,2.5,3.25
339,taiwan_clip2,NA,4,4,3,4,3,4,3,4,taiwan,3.25,4
339,taiwan_clip3,NA,4,3,3,4,4,4,2,2,taiwan,3.25,3.25
339,taiwan_clip5,NA,4,4,3,4,3,4,3,4,taiwan,3.25,4
34,taiwan_clip1,NA,4,3,3,3,4,2,3,3,taiwan,3.5,2.75
34,taiwan_clip2,NA,5,5,5,5,5,5,5,5,taiwan,5,5
34,taiwan_clip3,NA,5,5,5,5,5,5,5,5,taiwan,5,5
34,taiwan_clip5,NA,4,3,4,4,4,4,2,5,taiwan,3.5,4
347,taiwan_clip1,NA,3,2,3,2,3,3,1,3,taiwan,2.5,2.5
347,taiwan_clip2,NA,3,3,3,3,3,3,3,3,taiwan,3,3
347,taiwan_clip3,NA,3,3,3,3,3,3,3,3,taiwan,3,3
347,taiwan_clip5,NA,3,3,3,3,3,3,3,3,taiwan,3,3
352,taiwan_clip1,NA,2,3,3,3,3,3,3,2,taiwan,2.75,2.75
352,taiwan_clip2,NA,3,3,5,3,2,3,2,5,taiwan,3,3.5
352,taiwan_clip3,NA,5,5,5,4,5,4,4,5,taiwan,4.75,4.5
352,taiwan_clip5,NA,3,3,3,4,4,3,3,3,taiwan,3.25,3.25
358,taiwan_clip1,NA,3,3,3,4,3,3,3,3,taiwan,3,3.25
358,taiwan_clip2,NA,2,4,4,4,4,4,4,4,taiwan,3.5,4
358,taiwan_clip3,NA,2,5,5,5,5,5,5,5,taiwan,4.25,5
358,taiwan_clip5,NA,2,4,4,4,4,4,4,4,taiwan,3.5,4
363,taiwan_clip1,NA,4,2,2,4,3,4,1,4,taiwan,2.5,3.5
363,taiwan_clip2,NA,2,2,2,2,3,4,2,4,taiwan,2.25,3
363,taiwan_clip3,NA,4,4,4,4,3,4,2,4,taiwan,3.25,4
363,taiwan_clip5,NA,4,4,4,3,3,3,2,4,taiwan,3.25,3.5
44,taiwan_clip1,NA,5,4,4,5,4,4,5,4,taiwan,4.5,4.25
44,taiwan_clip2,NA,3,3,3,4,4,5,5,3,taiwan,3.75,3.75
44,taiwan_clip3,NA,6,4,4,4,4,4,5,4,taiwan,4.75,4
44,taiwan_clip5,NA,5,4,5,4,4,4,4,3,taiwan,4.5,3.75
52,taiwan_clip1,NA,2,3,3,3,4,3,2,2,taiwan,2.75,2.75
52,taiwan_clip2,NA,4,3,3,3,4,4,2,3,taiwan,3.25,3.25
52,taiwan_clip3,NA,4,3,3,3,4,4,2,3,taiwan,3.25,3.25
52,taiwan_clip5,NA,3,3,3,3,3,3,2,2,taiwan,2.75,2.75
69,taiwan_clip1,NA,3,3,3,3,3,3,3,4,taiwan,3,3.25
69,taiwan_clip2,NA,3,3,3,3,3,3,3,4,taiwan,3,3.25
69,taiwan_clip3,NA,3,3,2,3,4,3,3,2,taiwan,3,2.75
69,taiwan_clip5,NA,3,3,3,3,3,3,3,3,taiwan,3,3
70,taiwan_clip1,NA,3,3,2,3,4,3,3,3,taiwan,3,3
70,taiwan_clip2,NA,3,3,3,3,3,3,3,3,taiwan,3,3
70,taiwan_clip3,NA,4,3,3,3,4,3,3,4,taiwan,3.5,3.25
70,taiwan_clip5,NA,3,3,3,3,3,3,3,3,taiwan,3,3
83,taiwan_clip1,NA,5,3,4,5,4,5,4,5,taiwan,4.25,4.5
83,taiwan_clip2,NA,4,3,5,5,4,4,5,5,taiwan,4.5,4.25
83,taiwan_clip3,NA,4,3,4,4,4,4,4,4,taiwan,4,3.75
83,taiwan_clip5,NA,3,3,3,4,3,4,4,3,taiwan,3.25,3.5
91,taiwan_clip1,NA,3,3,3,4,3,3,2,3,taiwan,2.75,3.25
91,taiwan_clip2,NA,5,3,3,5,4,5,3,4,taiwan,3.75,4.25
91,taiwan_clip3,NA,5,3,3,4,4,4,3,3,taiwan,3.75,3.5
91,taiwan_clip5,NA,3,3,3,3,3,4,4,3,taiwan,3.25,3.25
103,singapore_clip1,NA,3,3,3,3,3,3,3,2,singapore,3,2.75
103,singapore_clip2,NA,3,3,3,3,3,3,3,3,singapore,3,3
103,singapore_clip3,NA,3,3,3,3,3,3,3,2,singapore,3,2.75
103,singapore_clip5,NA,3,3,3,3,3,3,3,4,singapore,3,3.25
105,singapore_clip1,NA,4,3,5,4,4,4,4,4,singapore,4.25,3.75
105,singapore_clip2,NA,4,3,4,4,4,4,4,4,singapore,4,3.75
105,singapore_clip3,NA,4,3,4,4,4,4,4,4,singapore,4,3.75
105,singapore_clip5,NA,4,3,4,4,4,4,4,4,singapore,4,3.75
117,singapore_clip1,NA,1,1,1,1,1,1,1,1,singapore,1,1
117,singapore_clip2,NA,1,1,5,1,5,2,5,1,singapore,4,1.25
117,singapore_clip3,NA,5,4,2,2,2,4,4,4,singapore,3.25,3.5
117,singapore_clip5,NA,4,1,5,4,5,4,4,5,singapore,4.5,3.5
130,singapore_clip1,NA,2,2,3,3,3,2,3,2,singapore,2.75,2.25
130,singapore_clip2,NA,4,3,4,4,4,5,4,5,singapore,4,4.25
130,singapore_clip3,NA,4,4,4,4,4,4,4,4,singapore,4,4
130,singapore_clip5,NA,4,3,4,3,3,4,3,4,singapore,3.5,3.5
147,singapore_clip1,NA,4,4,3,3,4,3,3,4,singapore,3.5,3.5
147,singapore_clip2,NA,4,3,3,3,4,3,2,5,singapore,3.25,3.5
147,singapore_clip3,NA,4,3,4,3,4,4,3,3,singapore,3.75,3.25
147,singapore_clip5,NA,5,4,3,4,4,4,4,4,singapore,4,4
153,singapore_clip1,NA,5,4,5,5,5,5,3,5,singapore,4.5,4.75
153,singapore_clip2,NA,5,4,5,5,5,5,3,5,singapore,4.5,4.75
153,singapore_clip3,NA,5,4,5,5,5,5,3,5,singapore,4.5,4.75
153,singapore_clip5,NA,5,4,5,5,5,5,3,5,singapore,4.5,4.75
16,singapore_clip1,NA,4,3,4,4,4,4,3,3,singapore,3.75,3.5
16,singapore_clip2,NA,4,4,4,4,4,4,3,3,singapore,3.75,3.75
16,singapore_clip3,NA,4,4,5,4,4,4,4,4,singapore,4.25,4
16,singapore_clip5,NA,4,4,4,4,4,4,3,3,singapore,3.75,3.75
160,singapore_clip1,NA,4,3,4,3,4,3,3,3,singapore,3.75,3
160,singapore_clip2,NA,4,3,3,3,4,3,3,3,singapore,3.5,3
160,singapore_clip3,NA,4,3,3,4,3,4,3,4,singapore,3.25,3.75
160,singapore_clip5,NA,3,3,3,3,3,3,3,3,singapore,3,3
167,singapore_clip1,NA,4,2,3,4,3,3,3,3,singapore,3.25,3
167,singapore_clip2,NA,1,1,1,1,2,3,3,3,singapore,1.75,2
167,singapore_clip3,NA,2,2,3,2,4,2,2,4,singapore,2.75,2.5
167,singapore_clip5,NA,3,2,2,3,4,2,3,3,singapore,3,2.5
17,singapore_clip1,NA,3,3,4,3,4,3,3,3,singapore,3.5,3
17,singapore_clip2,NA,3,3,4,3,4,3,3,3,singapore,3.5,3
17,singapore_clip3,NA,4,3,4,3,4,3,3,3,singapore,3.75,3
17,singapore_clip5,NA,3,3,3,3,4,3,2,3,singapore,3,3
175,singapore_clip1,NA,4,3,4,3,4,3,3,4,singapore,3.75,3.25
175,singapore_clip2,NA,4,3,3,3,5,3,3,5,singapore,3.75,3.5
175,singapore_clip3,NA,4,2,3,3,4,3,4,4,singapore,3.75,3
175,singapore_clip5,NA,4,3,4,4,4,3,4,4,singapore,4,3.5
178,singapore_clip1,NA,4,3,4,3,4,3,3,3,singapore,3.75,3
178,singapore_clip2,NA,3,3,3,3,4,3,3,2,singapore,3.25,2.75
178,singapore_clip3,NA,4,4,3,3,4,3,3,3,singapore,3.5,3.25
178,singapore_clip5,NA,3,3,3,3,3,3,3,3,singapore,3,3
18,singapore_clip1,NA,3,3,3,3,3,3,3,3,singapore,3,3
18,singapore_clip2,NA,3,3,3,3,3,3,3,3,singapore,3,3
18,singapore_clip3,NA,3,3,3,3,3,3,3,3,singapore,3,3
18,singapore_clip5,NA,3,3,3,3,3,3,3,3,singapore,3,3
184,singapore_clip1,NA,3,3,3,3,3,3,3,2,singapore,3,2.75
184,singapore_clip2,NA,3,3,3,3,3,3,3,2,singapore,3,2.75
184,singapore_clip3,NA,3,4,3,3,3,3,3,2,singapore,3,3
184,singapore_clip5,NA,3,3,3,3,3,3,3,3,singapore,3,3
189,singapore_clip1,NA,4,3,4,4,4,4,3,3,singapore,3.75,3.5
189,singapore_clip2,NA,4,3,4,3,4,4,3,4,singapore,3.75,3.5
189,singapore_clip3,NA,4,3,4,3,5,3,3,4,singapore,4,3.25
189,singapore_clip5,NA,4,3,4,4,4,3,3,3,singapore,3.75,3.25
191,singapore_clip1,NA,3,3,3,3,3,3,3,3,singapore,3,3
191,singapore_clip2,NA,3,3,3,3,3,3,3,3,singapore,3,3
191,singapore_clip3,NA,3,3,3,3,3,3,3,3,singapore,3,3
191,singapore_clip5,NA,3,3,3,3,3,3,3,3,singapore,3,3
195,singapore_clip1,NA,3,3,3,3,3,3,3,3,singapore,3,3
195,singapore_clip2,NA,3,3,3,3,3,3,3,3,singapore,3,3
195,singapore_clip3,NA,3,3,3,3,3,3,3,3,singapore,3,3
195,singapore_clip5,NA,3,3,3,3,3,3,3,3,singapore,3,3
202,singapore_clip1,NA,3,3,3,3,4,3,4,4,singapore,3.5,3.25
202,singapore_clip2,NA,3,3,3,3,4,3,4,4,singapore,3.5,3.25
202,singapore_clip3,NA,4,4,4,4,4,4,4,4,singapore,4,4
202,singapore_clip5,NA,3,4,4,3,4,3,4,4,singapore,3.75,3.5
212,singapore_clip1,NA,4,3,3,2,4,2,5,5,singapore,4,3
212,singapore_clip2,NA,3,1,0,5,2,6,6,4,singapore,2.75,4
212,singapore_clip3,NA,6,5,5,4,6,4,0,0,singapore,4.25,3.25
212,singapore_clip5,NA,6,4,3,1,5,2,2,0,singapore,4,1.75
217,singapore_clip1,NA,3,3,3,3,3,3,4,4,singapore,3.25,3.25
217,singapore_clip2,NA,4,3,3,4,4,4,3,4,singapore,3.5,3.75
217,singapore_clip3,NA,3,3,3,3,4,3,3,5,singapore,3.25,3.5
217,singapore_clip5,NA,3,3,4,3,3,3,3,3,singapore,3.25,3
245,singapore_clip1,NA,3,3,3,3,3,3,3,3,singapore,3,3
245,singapore_clip2,NA,3,3,3,3,3,3,3,3,singapore,3,3
245,singapore_clip3,NA,3,3,3,3,3,3,3,3,singapore,3,3
245,singapore_clip5,NA,3,3,3,4,3,3,3,3,singapore,3,3.25
249,singapore_clip1,NA,5,5,5,6,5,6,5,5,singapore,5,5.5
249,singapore_clip2,NA,5,5,5,5,5,5,5,5,singapore,5,5
249,singapore_clip3,NA,5,5,5,5,5,5,4,5,singapore,4.75,5
249,singapore_clip5,NA,5,5,5,5,6,5,6,5,singapore,5.5,5
257,singapore_clip1,NA,3,3,3,3,3,3,3,3,singapore,3,3
257,singapore_clip2,NA,4,4,4,4,4,4,4,4,singapore,4,4
257,singapore_clip3,NA,3,3,3,3,3,3,3,3,singapore,3,3
257,singapore_clip5,NA,4,4,4,4,4,4,4,4,singapore,4,4
264,singapore_clip1,NA,3,3,3,3,4,3,3,3,singapore,3.25,3
264,singapore_clip2,NA,3,3,3,4,3,3,3,3,singapore,3,3.25
264,singapore_clip3,NA,4,3,3,3,3,3,3,3,singapore,3.25,3
264,singapore_clip5,NA,3,3,3,3,4,3,4,3,singapore,3.5,3
269,singapore_clip1,NA,3,3,3,3,4,3,3,4,singapore,3.25,3.25
269,singapore_clip2,NA,4,3,3,4,3,3,3,4,singapore,3.25,3.5
269,singapore_clip3,NA,3,3,3,4,4,4,3,4,singapore,3.25,3.75
269,singapore_clip5,NA,4,3,3,4,4,3,3,4,singapore,3.5,3.5
274,singapore_clip1,NA,4,2,4,3,4,4,3,3,singapore,3.75,3
274,singapore_clip2,NA,3,2,4,3,4,3,2,4,singapore,3.25,3
274,singapore_clip3,NA,5,3,5,4,5,5,2,4,singapore,4.25,4
274,singapore_clip5,NA,4,3,4,3,4,4,3,3,singapore,3.75,3.25
290,singapore_clip1,NA,3,3,4,4,4,4,3,3,singapore,3.5,3.5
290,singapore_clip2,NA,4,3,3,3,4,3,3,3,singapore,3.5,3
290,singapore_clip3,NA,4,4,4,3,4,4,4,3,singapore,4,3.5
290,singapore_clip5,NA,4,3,4,3,4,4,3,3,singapore,3.75,3.25
292,singapore_clip1,NA,3,4,4,4,4,4,3,4,singapore,3.5,4
292,singapore_clip2,NA,3,5,5,5,5,5,3,5,singapore,4,5
292,singapore_clip3,NA,3,5,5,5,5,5,3,5,singapore,4,5
292,singapore_clip5,NA,3,3,5,5,5,5,3,5,singapore,4,4.5
294,singapore_clip1,NA,3,3,3,3,3,3,3,3,singapore,3,3
294,singapore_clip2,NA,3,3,3,3,3,3,3,3,singapore,3,3
294,singapore_clip3,NA,3,3,3,3,3,3,3,3,singapore,3,3
294,singapore_clip5,NA,3,3,3,3,3,3,3,2,singapore,3,2.75
295,singapore_clip1,NA,4,3,3,4,4,4,2,4,singapore,3.25,3.75
295,singapore_clip2,NA,4,3,3,4,4,4,3,4,singapore,3.5,3.75
295,singapore_clip3,NA,4,3,3,4,4,4,3,4,singapore,3.5,3.75
295,singapore_clip5,NA,4,3,4,3,4,3,4,3,singapore,4,3
297,singapore_clip1,NA,3,3,3,3,3,3,3,3,singapore,3,3
297,singapore_clip2,NA,3,3,3,3,3,3,3,3,singapore,3,3
297,singapore_clip3,NA,3,3,3,3,3,3,3,3,singapore,3,3
297,singapore_clip5,NA,3,3,3,3,3,3,3,4,singapore,3,3.25
311,singapore_clip1,NA,4,3,4,3,4,3,4,3,singapore,4,3
311,singapore_clip2,NA,4,3,4,3,4,3,4,3,singapore,4,3
311,singapore_clip3,NA,4,3,4,3,4,3,4,3,singapore,4,3
311,singapore_clip5,NA,4,3,4,3,4,3,3,3,singapore,3.75,3
323,singapore_clip1,NA,5,3,3,3,3,3,3,3,singapore,3.5,3
323,singapore_clip2,NA,3,3,3,3,3,3,3,3,singapore,3,3
323,singapore_clip3,NA,3,3,3,3,3,3,3,3,singapore,3,3
323,singapore_clip5,NA,3,3,3,3,3,3,3,3,singapore,3,3
330,singapore_clip1,NA,5,5,4,5,5,5,3,5,singapore,4.25,5
330,singapore_clip2,NA,4,4,5,4,5,4,3,5,singapore,4.25,4.25
330,singapore_clip3,NA,5,5,5,4,5,5,3,5,singapore,4.5,4.75
330,singapore_clip5,NA,5,2,5,1,4,4,3,5,singapore,4.25,3
332,singapore_clip1,NA,3,3,4,4,3,4,1,3,singapore,2.75,3.5
332,singapore_clip2,NA,3,4,4,2,3,4,1,5,singapore,2.75,3.75
332,singapore_clip3,NA,4,3,4,4,4,4,2,4,singapore,3.5,3.75
332,singapore_clip5,NA,4,3,5,4,4,4,4,4,singapore,4.25,3.75
339,singapore_clip1,NA,2,3,3,2,3,1,3,2,singapore,2.75,2
339,singapore_clip2,NA,3,3,3,2,3,2,3,4,singapore,3,2.75
339,singapore_clip3,NA,4,3,3,4,4,4,3,4,singapore,3.5,3.75
339,singapore_clip5,NA,4,3,4,3,3,3,4,4,singapore,3.75,3.25
34,singapore_clip1,NA,2,2,2,2,2,2,2,2,singapore,2,2
34,singapore_clip2,NA,2,2,2,2,2,2,2,4,singapore,2,2.5
34,singapore_clip3,NA,2,2,2,2,2,2,2,2,singapore,2,2
34,singapore_clip5,NA,3,3,4,2,4,4,2,4,singapore,3.25,3.25
347,singapore_clip1,NA,3,3,3,3,3,3,3,3,singapore,3,3
347,singapore_clip2,NA,3,3,3,3,3,3,3,3,singapore,3,3
347,singapore_clip3,NA,3,3,3,3,3,3,3,3,singapore,3,3
347,singapore_clip5,NA,3,3,3,3,3,3,3,3,singapore,3,3
352,singapore_clip1,NA,4,2,4,3,4,4,3,4,singapore,3.75,3.25
352,singapore_clip2,NA,5,5,5,5,5,4,5,5,singapore,5,4.75
352,singapore_clip3,NA,4,3,4,3,4,3,3,4,singapore,3.75,3.25
352,singapore_clip5,NA,5,5,5,4,4,4,5,5,singapore,4.75,4.5
358,singapore_clip1,NA,4,4,4,4,4,4,4,4,singapore,4,4
358,singapore_clip2,NA,3,3,3,2,4,3,3,3,singapore,3.25,2.75
358,singapore_clip3,NA,3,3,3,3,3,3,3,3,singapore,3,3
358,singapore_clip5,NA,3,3,3,3,3,3,3,3,singapore,3,3
363,singapore_clip1,NA,4,5,4,2,3,3,3,4,singapore,3.5,3.5
363,singapore_clip2,NA,3,1,3,1,1,2,1,2,singapore,2,1.5
363,singapore_clip3,NA,2,4,4,1,2,1,1,1,singapore,2.25,1.75
363,singapore_clip5,NA,2,4,4,2,3,2,2,2,singapore,2.75,2.5
44,singapore_clip1,NA,4,3,5,5,5,4,5,3,singapore,4.75,3.75
44,singapore_clip2,NA,4,2,5,4,6,5,6,4,singapore,5.25,3.75
44,singapore_clip3,NA,4,4,3,4,4,3,3,3,singapore,3.5,3.5
44,singapore_clip5,NA,4,4,4,4,5,4,4,3,singapore,4.25,3.75
52,singapore_clip1,NA,4,3,3,3,3,4,3,4,singapore,3.25,3.5
52,singapore_clip2,NA,3,3,3,2,3,4,3,3,singapore,3,3
52,singapore_clip3,NA,3,3,3,3,3,4,3,4,singapore,3,3.5
52,singapore_clip5,NA,3,3,3,4,3,4,3,4,singapore,3,3.75
69,singapore_clip1,NA,3,3,3,3,3,3,3,3,singapore,3,3
69,singapore_clip2,NA,3,3,3,3,3,3,3,3,singapore,3,3
69,singapore_clip3,NA,3,3,3,3,3,3,3,3,singapore,3,3
69,singapore_clip5,NA,3,3,3,3,3,3,3,3,singapore,3,3
70,singapore_clip1,NA,3,3,3,3,3,3,3,3,singapore,3,3
70,singapore_clip2,NA,3,3,3,3,3,3,3,3,singapore,3,3
70,singapore_clip3,NA,3,3,3,3,4,3,3,4,singapore,3.25,3.25
70,singapore_clip5,NA,3,3,4,3,4,3,3,3,singapore,3.5,3
83,singapore_clip1,NA,4,3,3,4,4,4,4,4,singapore,3.75,3.75
83,singapore_clip2,NA,4,3,4,4,4,4,4,4,singapore,4,3.75
83,singapore_clip3,NA,3,3,3,3,3,3,3,5,singapore,3,3.5
83,singapore_clip5,NA,4,3,4,4,4,4,4,4,singapore,4,3.75
91,singapore_clip1,NA,3,3,3,3,4,4,3,3,singapore,3.25,3.25
91,singapore_clip2,NA,4,3,3,4,3,5,3,4,singapore,3.25,4
91,singapore_clip3,NA,4,3,3,3,4,4,3,4,singapore,3.5,3.5
91,singapore_clip5,NA,4,3,3,3,4,4,3,3,singapore,3.5,3.25